{
	"system" : {
		"platform" : "windows64",
		"os_name" : "Windows 10",
		"os_version" : "10.0"
	},
	"error" : {
		"executable" : "quartus",
		"comment" : "not_applicable",
		"error_message" : "Access Violation at 0X0000000075598208",
		"source_file" : "unknown",
		"line" : "0",
		"stack_trace" : "\t 0x75598207: QtCore4 + 0x238207 (?staticMetaObjectExtraData@QEventTransition@@0UQMetaObjectExtraData@@B + 0x4917)\n\t0x7ffa87b52743: GCL_AFCQ + 0xa2743 (?get_file_name@AFCQ_NATIVE_FILE_DLG_IMPL@@IEAAHXZ + 0xe63)\n\t0x7ffa87b5187f: GCL_AFCQ + 0xa187f (?exec@AFCQ_NATIVE_FILE_DLG_IMPL@@QEAAHXZ + 0xdf)\n\t0x7ffa8ee380f8: saui_psetq + 0x80f8 (?browse_clicked@PSETQ_FILES@@MEAAXXZ + 0xe28)\n\t 0x7547d700: QtCore4 + 0x11d700 (?activate@QMetaObject@@SAXPEAVQObject@@PEBU1@HPEAPEAX@Z + 0x520)\n\t0x7ffa87b49572: GCL_AFCQ + 0x99572 (?browse_clicked@AFCQ_LINE_EDIT_BROWSE_BUTTON@@UEAAX_N@Z + 0x42)\n\t 0x7547d700: QtCore4 + 0x11d700 (?activate@QMetaObject@@SAXPEAVQObject@@PEBU1@HPEAPEAX@Z + 0x520)\n\t 0x74f51692: QtGui4 + 0x591692 (?clicked@QAbstractButton@@IEAAX_N@Z + 0x32)\n\t 0x74d0899e: QtGui4 + 0x34899e (?click@QAbstractButton@@QEAAXXZ + 0x51e)\n\t 0x74d08617: QtGui4 + 0x348617 (?click@QAbstractButton@@QEAAXXZ + 0x197)\n\t 0x74d09499: QtGui4 + 0x349499 (?mouseReleaseEvent@QAbstractButton@@MEAAXPEAVQMouseEvent@@@Z + 0x59)\n\t 0x74db4e7e: QtGui4 + 0x3f4e7e (?mouseReleaseEvent@QToolButton@@MEAAXPEAVQMouseEvent@@@Z + 0xe)\n\t 0x74a21b84: QtGui4 + 0x61b84 (?event@QWidget@@MEAA_NPEAVQEvent@@@Z + 0xd4)\n\t 0x749e2c55: QtGui4 + 0x22c55 (?notify_helper@QApplicationPrivate@@QEAA_NPEAVQObject@@PEAVQEvent@@@Z + 0xf5)\n\t 0x749e184e: QtGui4 + 0x2184e (?notify@QApplication@@UEAA_NPEAVQObject@@PEAVQEvent@@@Z + 0x71e)\n\t 0x7546ec4b: QtCore4 + 0x10ec4b (?notifyInternal@QCoreApplication@@AEAA_NPEAVQObject@@PEAVQEvent@@@Z + 0x7b)\n\t 0x749e5a9e: QtGui4 + 0x25a9e (?sendMouseEvent@QApplicationPrivate@@SA_NPEAVQWidget@@PEAVQMouseEvent@@00PEAPEAV2@AEAV?$QPointer@VQWidget@@@@_N@Z + 0x1de)\n\t 0x74a46940: QtGui4 + 0x86940 (?trUtf8@QScrollBar@@SA?AVQString@@PEBD0H@Z + 0x1440)\n\t 0x74a4a301: QtGui4 + 0x8a301 (?winMouseButtonUp@QApplication@@SAXXZ + 0x2761)\n\t0x7ffad29f8230: USER32 + 0x18230 (DispatchMessageW + 0x740)\n\t0x7ffad29f7cf0: USER32 + 0x17cf0 (DispatchMessageW + 0x200)\n\t 0x75493982: QtCore4 + 0x133982 (?processEvents@QEventDispatcherWin32@@UEAA_NV?$QFlags@W4ProcessEventsFlag@QEventLoop@@@@@Z + 0x3e2)\n\t 0x74a42004: QtGui4 + 0x82004 (?openPopup@QApplicationPrivate@@QEAAXPEAVQWidget@@@Z + 0x204)\n\t 0x7546bb7b: QtCore4 + 0x10bb7b (?exec@QEventLoop@@QEAAHV?$QFlags@W4ProcessEventsFlag@QEventLoop@@@@@Z + 0x22b)\n\t 0x7546e18f: QtCore4 + 0x10e18f (?exec@QCoreApplication@@SAHXZ + 0xdf)\n\t0x7ff7fc96198b: quartus + 0x198b (?qgq_main@@YAHHPEAPEBD@Z + 0x8b)\n\t0x7ffac1e233a8: CCL_MSG + 0x133a8 (?msg_main_thread@@YAPEAXPEAX@Z + 0x18)\n\t0x7ffac1e24bae: CCL_MSG + 0x14bae (?msg_thread_wrapper@@YAPEAXP6APEAXPEAX@Z0@Z + 0x6e)\n\t0x7ffac1de6af0: ccl_mem + 0x16af0 (?mem_thread_wrapper@@YAPEAXP6APEAXPEAX@Z0@Z + 0x70)\n\t0x7ffac1e22c41: CCL_MSG + 0x12c41 (?msg_exe_main@@YAHHPEAPEBDP6AHH0@Z@Z + 0xa1)\n\t0x7ff7fc962777: quartus + 0x2777 (WinMain + 0x127)\n\t0x7ff7fc961f40: quartus + 0x1f40 (__tmainCRTStartup + 0x148)\n\t0x7ffad2dd269c: KERNEL32 + 0x1269c (BaseThreadInitThunk + 0x1c)\n\t0x7ffad494a9f7: ntdll + 0x5a9f7 (RtlUserThreadStart + 0x27)\n",
		"subsystem" : "unknown"
	},
	"quartus" : {
		"quartus_bits" : "64",
		"version" : "19.1.0",
		"build" : "670",
		"edition" : "Lite Edition"
	}
}