{
	"partitions" : [
		{
			"name" : "Top",
			"pins" : [
				{
					"name" : "BB_SYSTEM_startButton_Out",
					"strict" : false
				},
				{
					"name" : "BB_SYSTEM_leftButton_Out",
					"strict" : false
				},
				{
					"name" : "BB_SYSTEM_rightButton_Out",
					"strict" : false
				},
				{
					"name" : "BB_SYSTEM_CLOCK_50",
					"strict" : false
				},
				{
					"name" : "BB_SYSTEM_RESET_InHigh",
					"strict" : false
				},
				{
					"name" : "BB_SYSTEM_startButton_InLow",
					"strict" : false
				},
				{
					"name" : "BB_SYSTEM_leftButton_InLow",
					"strict" : false
				},
				{
					"name" : "BB_SYSTEM_rightButton_InLow",
					"strict" : false
				}
			]
		}
	]
}